Datetime,Water Level (m)
2026-08-12 18:00:00,0.8765775
2026-08-12 19:00:00,1.4898008
2026-08-12 20:00:00,1.9241524
2026-08-12 21:00:00,2.063881
2026-08-12 22:00:00,1.8349352
2026-08-12 23:00:00,1.3954023
2026-08-13 00:00:00,0.89828247
2026-08-13 01:00:00,0.3925366
2026-08-13 02:00:00,-0.08099729
2026-08-13 03:00:00,-0.4868254
2026-08-13 04:00:00,-0.46322152
2026-08-13 05:00:00,0.21941678
2026-08-13 06:00:00,1.0537158
2026-08-13 07:00:00,1.816118
2026-08-13 08:00:00,2.3865047
2026-08-13 09:00:00,2.62301
2026-08-13 10:00:00,2.4539
2026-08-13 11:00:00,1.9886218
2026-08-13 12:00:00,1.4522188
2026-08-13 13:00:00,0.89675677
2026-08-13 14:00:00,0.35455272
2026-08-13 15:00:00,-0.13021864
2026-08-13 16:00:00,-0.4940742
2026-08-13 17:00:00,-0.22638415
2026-08-13 18:00:00,0.5011002
2026-08-13 19:00:00,1.2541468
2026-08-13 20:00:00,1.8946793
2026-08-13 21:00:00,2.2987835
2026-08-13 22:00:00,2.3249745
2026-08-13 23:00:00,1.9460895
2026-08-14 00:00:00,1.4466317
2026-08-14 01:00:00,0.90812343
2026-08-14 02:00:00,0.37881434
2026-08-14 03:00:00,-0.10586995
2026-08-14 04:00:00,-0.4846551
2026-08-14 05:00:00,-0.25996426
2026-08-14 06:00:00,0.49365234
2026-08-14 07:00:00,1.3125665
2026-08-14 08:00:00,2.0457695
2026-08-14 09:00:00,2.5554836
2026-08-14 10:00:00,2.7026901
2026-08-14 11:00:00,2.396616
2026-08-14 12:00:00,1.8872384
2026-08-14 13:00:00,1.3349792
2026-08-14 14:00:00,0.7778439
2026-08-14 15:00:00,0.24133323
2026-08-14 16:00:00,-0.22348629
2026-08-14 17:00:00,-0.4521287
2026-08-14 18:00:00,0.08131067
2026-08-14 19:00:00,0.86388123
2026-08-14 20:00:00,1.5838346
2026-08-14 21:00:00,2.1486247
2026-08-14 22:00:00,2.439478
2026-08-14 23:00:00,2.2841096
2026-08-15 00:00:00,1.8362688
2026-08-15 01:00:00,1.3150167
2026-08-15 02:00:00,0.77453786
2026-08-15 03:00:00,0.25247398
2026-08-15 04:00:00,-0.2060967
2026-08-15 05:00:00,-0.45514962
2026-08-15 06:00:00,0.07024428
2026-08-15 07:00:00,0.8844184
2026-08-15 08:00:00,1.6649467
2026-08-15 09:00:00,2.3041012
2026-08-15 10:00:00,2.6714294
2026-08-15 11:00:00,2.6096542
2026-08-15 12:00:00,2.1800082
2026-08-15 13:00:00,1.6469266
2026-08-15 14:00:00,1.0901622
2026-08-15 15:00:00,0.54324454
2026-08-15 16:00:00,0.03859406
2026-08-15 17:00:00,-0.36257318
2026-08-15 18:00:00,-0.23549818
2026-08-15 19:00:00,0.4520477
2026-08-15 20:00:00,1.2157438
2026-08-15 21:00:00,1.8876716
2026-08-15 22:00:00,2.3540013
2026-08-15 23:00:00,2.477615
2026-08-16 00:00:00,2.170635
2026-08-16 01:00:00,1.6866109
2026-08-16 02:00:00,1.1581899
2026-08-16 03:00:00,0.6267378
2026-08-16 04:00:00,0.12790023
2026-08-16 05:00:00,-0.28234258
2026-08-16 06:00:00,-0.27637145
2026-08-16 07:00:00,0.37271303
2026-08-16 08:00:00,1.1527644
2026-08-16 09:00:00,1.856506
2026-08-16 10:00:00,2.3767877
2026-08-16 11:00:00,2.5881877
2026-08-16 12:00:00,2.3593261
2026-08-16 13:00:00,1.8885695
2026-08-16 14:00:00,1.3598095
2026-08-16 15:00:00,0.8169396
2026-08-16 16:00:00,0.29363316
2026-08-16 17:00:00,-0.16145575
2026-08-16 18:00:00,-0.41156444
2026-08-16 19:00:00,0.023763211
2026-08-16 20:00:00,0.75364166
2026-08-16 21:00:00,1.4532447
2026-08-16 22:00:00,2.0297964
2026-08-16 23:00:00,2.3677895
2026-08-17 00:00:00,2.315955
2026-08-17 01:00:00,1.9276099
2026-08-17 02:00:00,1.4370203
2026-08-17 03:00:00,0.91641295
2026-08-17 04:00:00,0.40961453
2026-08-17 05:00:00,-0.042134717
2026-08-17 06:00:00,-0.34392175
2026-08-17 07:00:00,-0.047372866
2026-08-17 08:00:00,0.6391707
2026-08-17 09:00:00,1.3252194
2026-08-17 10:00:00,1.9186727
2026-08-17 11:00:00,2.292692
2026-08-17 12:00:00,2.316538
2026-08-17 13:00:00,1.9699384
2026-08-17 14:00:00,1.4931533
2026-08-17 15:00:00,0.9774767
2026-08-17 16:00:00,0.4664032
2026-08-17 17:00:00,-0.0031889859
2026-08-17 18:00:00,-0.38118342
2026-08-17 19:00:00,-0.35226646
2026-08-17 20:00:00,0.2313344
2026-08-17 21:00:00,0.92842406
2026-08-17 22:00:00,1.5549616
2026-08-17 23:00:00,2.0211592
2026-08-18 00:00:00,2.2139864
2026-08-18 01:00:00,2.0163083
2026-08-18 02:00:00,1.6003639
2026-08-18 03:00:00,1.1218739
2026-08-18 04:00:00,0.6286718
2026-08-18 05:00:00,0.1637146
2026-08-18 06:00:00,-0.22098196
2026-08-18 07:00:00,-0.34763244
2026-08-18 08:00:00,0.10578421
2026-08-18 09:00:00,0.74825853
2026-08-18 10:00:00,1.3403559
2026-08-18 11:00:00,1.806616
2026-08-18 12:00:00,2.0376966
2026-08-18 13:00:00,1.8988887
2026-08-18 14:00:00,1.5135137
2026-08-18 15:00:00,1.0525614
2026-08-18 16:00:00,0.5707644
2026-08-18 17:00:00,0.11494218
2026-08-18 18:00:00,-0.28062347
